tokenizer,vocab_size,zhuyin-bopomofo,tw-law,tw-judgment,tw-patent,hant-web,hant-wiki,hant-classical,hans-web,hans-general,english-edu,math,code
yunmo-next,65536,3.7651,4.9825,4.5038,3.928,4.3544,4.1781,4.2093,4.1342,4.6795,5.0402,3.8521,3.3176
yunmo-v1,24000,1.3294,3.7743,2.9826,3.3467,3.8885,3.9421,3.4875,3.7299,2.6896,3.5245,2.9625,2.4142
pangolin,114822,1.8639,3.8161,2.9294,3.3579,4.0501,3.7128,3.6834,3.7913,4.3332,2.6756,2.2431,2.074
taide,188256,1.6298,4.5154,4.2011,4.0071,4.2749,4.0092,3.8266,3.9729,3.8903,4.7544,3.6043,3.9235
breeze,61875,2.1016,3.9364,3.3585,3.3131,4.0138,3.617,3.7457,3.7465,3.3058,4.1891,3.0947,2.9343
llama3-taiwan,128258,1.6298,3.1793,3.0207,2.8145,3.1378,3.0317,2.9868,2.9875,3.5724,4.7542,3.604,3.9233
deepseek-v3,128815,1.6741,3.7667,3.3977,3.4026,3.9711,3.5789,3.5589,3.8143,4.9589,4.7852,3.6791,3.5748
gemma3,262145,2.249,3.4795,2.8115,3.1293,3.7229,3.4208,3.4334,3.5179,4.2813,4.6585,3.3832,3.2186
gemma4,262144,2.249,3.4795,2.8115,3.1293,3.7229,3.4208,3.4334,3.5179,4.2813,4.6585,3.3829,3.2147
gemma2,256000,2.3148,3.5284,3.2103,3.0969,3.7684,3.4468,3.4599,3.5542,4.3079,4.6741,3.4223,3.2652
qwen3.6,248070,1.3594,3.7898,3.4088,3.3389,4.0809,3.5947,3.6578,3.8457,5.0382,4.5994,3.3796,3.5593
qwen3,151669,2.1637,3.4582,3.126,3.0423,3.6243,3.211,3.3624,3.4828,4.5304,4.6492,3.4356,3.8034
qwen2.5,151665,2.1637,3.4582,3.126,3.0423,3.6243,3.211,3.3624,3.4828,4.5304,4.6492,3.4356,3.8034
llama3.1,128256,1.6298,3.1793,3.0207,2.8145,3.1378,3.0317,2.9868,2.9875,3.5724,4.7542,3.604,3.9233
minicpm3,73448,1.4764,3.29,3.0218,2.9316,3.3464,3.1572,3.2859,3.181,4.5698,4.3457,3.0902,2.8505
yi-1.5,63992,1.2975,3.3345,3.0234,2.9144,3.4327,3.1641,3.1987,3.2421,4.5382,4.3823,3.1542,2.8641
phi-4,100352,1.3097,2.0779,2.101,1.962,2.0316,1.9533,2.0019,1.9685,2.4752,4.7526,3.5864,3.9168
mistral-small,32768,1.3086,2.2658,2.1473,2.0663,2.2041,2.1533,2.1759,2.1179,2.5902,4.188,3.0939,2.9329
